<img src="https://static.gongbushang.com/images/01.png" />,<img src="https://static.gongbushang.com/images/02.png" />
<img src="https://static.gongbushang.com/images/03.png" />,<img src="https://static.gongbushang.com/images/04.png" />
<img src="https://static.gongbushang.com/images/05.png" />,<img src="https://static.gongbushang.com/images/06.png" />
<img src="https://static.gongbushang.com/images/07.png" />,<img src="https://static.gongbushang.com/images/08.png" />
<img src="https://static.gongbushang.com/images/09.png" />,<img src="https://static.gongbushang.com/images/10.png" />
<img src="https://static.gongbushang.com/images/1013-01.png" />,<img src="https://static.gongbushang.com/images/1013-02.png" />
<img src="https://static.gongbushang.com/images/1013-03.png" />,<img src="https://static.gongbushang.com/images/1013-04.png" />
<img src="https://static.gongbushang.com/images/1013-05.png" />,<img src="https://static.gongbushang.com/images/1013-06.png" />
<img src="https://static.gongbushang.com/images/1013-07.png" />,<img src="https://static.gongbushang.com/images/1013-08.png" />
<img src="https://static.gongbushang.com/images/1013-09.png" />,<img src="https://static.gongbushang.com/images/1013-10.png" />
<img src="https://static.gongbushang.com/images/1013-11.png" />,<img src="https://static.gongbushang.com/images/1013-12.png" />
<img src="https://static.gongbushang.com/images/1013-13.png" />,<img src="https://static.gongbushang.com/images/1013-14.png" />
<img src="https://static.gongbushang.com/images/1015-01.png" />,<img src="https://static.gongbushang.com/images/1015-02.png" />
<img src="https://static.gongbushang.com/images/1015-03.png" />,<img src="https://static.gongbushang.com/images/1015-04.png" />
<img src="https://static.gongbushang.com/images/1015-05.png" />,<img src="https://static.gongbushang.com/images/1015-06.png" />
<img src="https://static.gongbushang.com/images/1015-07.png" />,<img src="https://static.gongbushang.com/images/1015-08.png" />
<img src="https://static.gongbushang.com/images/1015-09.png" />,<img src="https://static.gongbushang.com/images/1015-10.png" />
<img src="https://static.gongbushang.com/images/1015-11.png" />,<img src="https://static.gongbushang.com/images/1015-12.png" />
<img src="https://static.gongbushang.com/images/1015-13.png" />,<img src="https://static.gongbushang.com/images/1015-14.png" />
<img src="https://static.gongbushang.com/images/1015-15.png" />,<img src="https://static.gongbushang.com/images/1015-16.png" />
<img src="https://static.gongbushang.com/images/1015-17.png" />,<img src="https://static.gongbushang.com/images/1015-18.png" />
<img src="https://static.gongbushang.com/images/1015-19.png" />,<img src="https://static.gongbushang.com/images/1015-20.png" />
<img src="https://static.gongbushang.com/images/1015-21.png" />,<img src="https://static.gongbushang.com/images/1015-22.png" />
<img src="https://static.gongbushang.com/images/1015-23.png" />,<img src="https://static.gongbushang.com/images/1015-24.png" />
<img src="https://static.gongbushang.com/images/1015-25.png" />,<img src="https://static.gongbushang.com/images/1015-26.png" />
<img src="https://static.gongbushang.com/images/1015-27.png" />,<img src="https://static.gongbushang.com/images/1015-28.png" />
<img src="https://static.gongbushang.com/images/1015-29.png" />,<img src="https://static.gongbushang.com/images/1015-30.png" />
<img src="https://static.gongbushang.com/images/1015-31.png" />,<img src="https://static.gongbushang.com/images/1015-32.png" />
<img src="https://static.gongbushang.com/images/1015-33.png" />,<img src="https://static.gongbushang.com/images/1015-34.png" />
<img src="https://static.gongbushang.com/images/1015-35.png" />,<img src="https://static.gongbushang.com/images/1015-36.png" />
<img src="https://static.gongbushang.com/images/1015-37.png" />,<img src="https://static.gongbushang.com/images/1015-38.png" />
<img src="https://static.gongbushang.com/images/1015-39.png" />,<img src="https://static.gongbushang.com/images/1015-40.png" />
<img src="https://static.gongbushang.com/images/1015-41.png" />,<img src="https://static.gongbushang.com/images/1015-42.png" />
<img src="https://static.gongbushang.com/images/1015-49.png" />,<img src="https://static.gongbushang.com/images/10151--04.png" />
<img src="https://static.gongbushang.com/images/10151-01.png" />,<img src="https://static.gongbushang.com/images/10151-02.png" />
<img src="https://static.gongbushang.com/images/10151-03.png" />,<img src="https://static.gongbushang.com/images/10151-05.png" />
<img src="https://static.gongbushang.com/images/10151-06.png" />,<img src="https://static.gongbushang.com/images/10151-07.png" />
<img src="https://static.gongbushang.com/images/10151-08.png" />,<img src="https://static.gongbushang.com/images/10151-09.png" />
<img src="https://static.gongbushang.com/images/10151-10.png" />,<img src="https://static.gongbushang.com/images/10151-11.png" />
<img src="https://static.gongbushang.com/images/10151-12.png" />,<img src="https://static.gongbushang.com/images/10151-13.png" />
<img src="https://static.gongbushang.com/images/10151-14.png" />,<img src="https://static.gongbushang.com/images/10151-15.png" />
<img src="https://static.gongbushang.com/images/10151-16.png" />,<img src="https://static.gongbushang.com/images/10151-17.png" />
<img src="https://static.gongbushang.com/images/10151-18.png" />,<img src="https://static.gongbushang.com/images/10151-19.png" />
<img src="https://static.gongbushang.com/images/10151-20.png" />,<img src="https://static.gongbushang.com/images/10151-21.png" />
<img src="https://static.gongbushang.com/images/10151-22.png" />,<img src="https://static.gongbushang.com/images/10151-23.png" />
<img src="https://static.gongbushang.com/images/10151-24.png" />,<img src="https://static.gongbushang.com/images/10151-25.png" />
<img src="https://static.gongbushang.com/images/10151-26.png" />,<img src="https://static.gongbushang.com/images/10151-27.png" />
<img src="https://static.gongbushang.com/images/10151-28.png" />,<img src="https://static.gongbushang.com/images/10151-29.png" />
<img src="https://static.gongbushang.com/images/10151-30.png" />,<img src="https://static.gongbushang.com/images/10151-31.png" />
<img src="https://static.gongbushang.com/images/10151-32.png" />,<img src="https://static.gongbushang.com/images/10151-33.png" />
<img src="https://static.gongbushang.com/images/10151-34.png" />,<img src="https://static.gongbushang.com/images/10151-35.png" />
<img src="https://static.gongbushang.com/images/10151-36.png" />,<img src="https://static.gongbushang.com/images/10151-37.png" />
<img src="https://static.gongbushang.com/images/10151-38.png" />,<img src="https://static.gongbushang.com/images/10151-39.png" />
<img src="https://static.gongbushang.com/images/10151-40.png" />,<img src="https://static.gongbushang.com/images/10151-41.png" />
<img src="https://static.gongbushang.com/images/10151-42.png" />,<img src="https://static.gongbushang.com/images/1019-01.png" />
<img src="https://static.gongbushang.com/images/1019-02.png" />,<img src="https://static.gongbushang.com/images/1019-03.png" />
<img src="https://static.gongbushang.com/images/1019-04.png" />,<img src="https://static.gongbushang.com/images/1019-05.png" />
<img src="https://static.gongbushang.com/images/1019-06.png" />,<img src="https://static.gongbushang.com/images/1019-07.png" />
<img src="https://static.gongbushang.com/images/1019-08.png" />,<img src="https://static.gongbushang.com/images/1019-09.png" />
<img src="https://static.gongbushang.com/images/1019-10.png" />,<img src="https://static.gongbushang.com/images/1019-11.png" />
<img src="https://static.gongbushang.com/images/1019-12.png" />,<img src="https://static.gongbushang.com/images/1019-13.png" />
<img src="https://static.gongbushang.com/images/1019-14.png" />,<img src="https://static.gongbushang.com/images/1019-15.png" />
<img src="https://static.gongbushang.com/images/1019-16.png" />,<img src="https://static.gongbushang.com/images/1019-17.png" />
<img src="https://static.gongbushang.com/images/1019-18.png" />,<img src="https://static.gongbushang.com/images/1019-19.png" />
<img src="https://static.gongbushang.com/images/1019-20.png" />,<img src="https://static.gongbushang.com/images/1019-21.png" />
<img src="https://static.gongbushang.com/images/1019-22.png" />,<img src="https://static.gongbushang.com/images/1019-23.png" />
<img src="https://static.gongbushang.com/images/1019-24.png" />,<img src="https://static.gongbushang.com/images/1019-25.png" />
<img src="https://static.gongbushang.com/images/1019-26.png" />,<img src="https://static.gongbushang.com/images/1019-27.png" />
<img src="https://static.gongbushang.com/images/1019-28.png" />,<img src="https://static.gongbushang.com/images/1019-29.png" />
<img src="https://static.gongbushang.com/images/1019-30.png" />,<img src="https://static.gongbushang.com/images/1019-31.png" />
<img src="https://static.gongbushang.com/images/1019-32.png" />,<img src="https://static.gongbushang.com/images/1019-33.png" />
<img src="https://static.gongbushang.com/images/1019-34.png" />,<img src="https://static.gongbushang.com/images/1019-35.png" />
<img src="https://static.gongbushang.com/images/1019-36.png" />,<img src="https://static.gongbushang.com/images/1019-37.png" />
<img src="https://static.gongbushang.com/images/1019-38.png" />,<img src="https://static.gongbushang.com/images/1019-39.png" />
<img src="https://static.gongbushang.com/images/1019-40.png" />,<img src="https://static.gongbushang.com/images/1019-41.png" />
<img src="https://static.gongbushang.com/images/1019-42.png" />,<img src="https://static.gongbushang.com/images/1019-43.png" />
<img src="https://static.gongbushang.com/images/1019-44.png" />,<img src="https://static.gongbushang.com/images/1019-45.png" />
<img src="https://static.gongbushang.com/images/1019-46.png" />,<img src="https://static.gongbushang.com/images/1019-47.png" />
<img src="https://static.gongbushang.com/images/1019-48.png" />,<img src="https://static.gongbushang.com/images/1019-50.png" />
<img src="https://static.gongbushang.com/images/1019-51.png" />,<img src="https://static.gongbushang.com/images/1019-52.png" />
<img src="https://static.gongbushang.com/images/1019-53.png" />,<img src="https://static.gongbushang.com/images/1019-54.png" />
<img src="https://static.gongbushang.com/images/1019-55.png" />,<img src="https://static.gongbushang.com/images/1019-56.png" />
<img src="https://static.gongbushang.com/images/1019-57.png" />,<img src="https://static.gongbushang.com/images/1019-58.png" />
<img src="https://static.gongbushang.com/images/1019-59.png" />,<img src="https://static.gongbushang.com/images/1020-01.png" />
<img src="https://static.gongbushang.com/images/1020-03.png" />,<img src="https://static.gongbushang.com/images/1020-04.png" />
<img src="https://static.gongbushang.com/images/1020-05.png" />,<img src="https://static.gongbushang.com/images/1020-06.png" />
<img src="https://static.gongbushang.com/images/1020-07.png" />,<img src="https://static.gongbushang.com/images/1020-08.png" />
<img src="https://static.gongbushang.com/images/1020-09.png" />,<img src="https://static.gongbushang.com/images/1020-12.png" />
<img src="https://static.gongbushang.com/images/1020-14.png" />,<img src="https://static.gongbushang.com/images/1020-16.png" />
<img src="https://static.gongbushang.com/images/1020-18.png" />,<img src="https://static.gongbushang.com/images/1020-20.png" />
<img src="https://static.gongbushang.com/images/1020-22.png" />,<img src="https://static.gongbushang.com/images/1020-23.png" />
<img src="https://static.gongbushang.com/images/1020-24.png" />,<img src="https://static.gongbushang.com/images/1020-25.png" />
<img src="https://static.gongbushang.com/images/1020-26.png" />,<img src="https://static.gongbushang.com/images/1020-27.png" />
<img src="https://static.gongbushang.com/images/1020-28.png" />,<img src="https://static.gongbushang.com/images/1020-29.png" />
<img src="https://static.gongbushang.com/images/1020-30.png" />,<img src="https://static.gongbushang.com/images/1020-31.png" />
<img src="https://static.gongbushang.com/images/1020-32.png" />,<img src="https://static.gongbushang.com/images/1020-33.png" />
<img src="https://static.gongbushang.com/images/1020-34.png" />,<img src="https://static.gongbushang.com/images/1020-35.png" />
<img src="https://static.gongbushang.com/images/1020-36.png" />,<img src="https://static.gongbushang.com/images/1020-37.png" />
<img src="https://static.gongbushang.com/images/1020-38.png" />,<img src="https://static.gongbushang.com/images/1020-39.png" />
<img src="https://static.gongbushang.com/images/1020-40.png" />,<img src="https://static.gongbushang.com/images/1020-41.png" />
<img src="https://static.gongbushang.com/images/1020-42.png" />,<img src="https://static.gongbushang.com/images/1020-43.png" />
<img src="https://static.gongbushang.com/images/1020-44.png" />,<img src="https://static.gongbushang.com/images/1020-45.png" />
<img src="https://static.gongbushang.com/images/1020-46.png" />,<img src="https://static.gongbushang.com/images/1020-47.png" />
<img src="https://static.gongbushang.com/images/1020-48.png" />,<img src="https://static.gongbushang.com/images/1020-49.png" />
<img src="https://static.gongbushang.com/images/1020-50.png" />,<img src="https://static.gongbushang.com/images/1020-51.png" />
<img src="https://static.gongbushang.com/images/1020-52.png" />,<img src="https://static.gongbushang.com/images/1020-53.png" />
<img src="https://static.gongbushang.com/images/1020-54.png" />,<img src="https://static.gongbushang.com/images/1020-55.png" />
<img src="https://static.gongbushang.com/images/1020-56.png" />,<img src="https://static.gongbushang.com/images/1020-57.png" />
<img src="https://static.gongbushang.com/images/1020-58.png" />,<img src="https://static.gongbushang.com/images/1020-59.png" />
<img src="https://static.gongbushang.com/images/1020-60.png" />,<img src="https://static.gongbushang.com/images/1020-61.png" />
<img src="https://static.gongbushang.com/images/1020-62.png" />,<img src="https://static.gongbushang.com/images/1020-63.png" />
<img src="https://static.gongbushang.com/images/1020-64.png" />,<img src="https://static.gongbushang.com/images/1020-65.png" />
<img src="https://static.gongbushang.com/images/1020-66.png" />,<img src="https://static.gongbushang.com/images/1020-67.png" />
<img src="https://static.gongbushang.com/images/1020-68.png" />,<img src="https://static.gongbushang.com/images/1020-69.png" />
<img src="https://static.gongbushang.com/images/1020-70.png" />,<img src="https://static.gongbushang.com/images/1020-71.png" />
<img src="https://static.gongbushang.com/images/1020-72.png" />,<img src="https://static.gongbushang.com/images/1023-002.png" />
<img src="https://static.gongbushang.com/images/1023-004.png" />,<img src="https://static.gongbushang.com/images/1023-006.png" />
<img src="https://static.gongbushang.com/images/1023-008.png" />,<img src="https://static.gongbushang.com/images/1023-010.png" />
<img src="https://static.gongbushang.com/images/1023-012.png" />,<img src="https://static.gongbushang.com/images/1023-014.png" />
<img src="https://static.gongbushang.com/images/1023-016.png" />,<img src="https://static.gongbushang.com/images/1023-018.png" />
<img src="https://static.gongbushang.com/images/1023-020.png" />,<img src="https://static.gongbushang.com/images/1023-022.png" />
<img src="https://static.gongbushang.com/images/1023-024.png" />,<img src="https://static.gongbushang.com/images/1023-026.png" />
<img src="https://static.gongbushang.com/images/1023-028.png" />,<img src="https://static.gongbushang.com/images/1023-030.png" />
<img src="https://static.gongbushang.com/images/1023-032.png" />,<img src="https://static.gongbushang.com/images/1023-034.png" />
<img src="https://static.gongbushang.com/images/1023-036.png" />,<img src="https://static.gongbushang.com/images/1023-038.png" />
<img src="https://static.gongbushang.com/images/1023-040.png" />,<img src="https://static.gongbushang.com/images/1023-042.png" />
<img src="https://static.gongbushang.com/images/1023-044.png" />,<img src="https://static.gongbushang.com/images/1023-046.png" />
<img src="https://static.gongbushang.com/images/1023-048.png" />,<img src="https://static.gongbushang.com/images/1023-050.png" />
<img src="https://static.gongbushang.com/images/1023-052.png" />,<img src="https://static.gongbushang.com/images/1023-054.png" />
<img src="https://static.gongbushang.com/images/1023-056.png" />,<img src="https://static.gongbushang.com/images/1023-058.png" />
<img src="https://static.gongbushang.com/images/1023-060.png" />,<img src="https://static.gongbushang.com/images/1023-062.png" />
<img src="https://static.gongbushang.com/images/1023-064.png" />,<img src="https://static.gongbushang.com/images/1023-066.png" />
<img src="https://static.gongbushang.com/images/1023-068.png" />,<img src="https://static.gongbushang.com/images/1023-070.png" />
<img src="https://static.gongbushang.com/images/1023-072.png" />,<img src="https://static.gongbushang.com/images/1023-074.png" />
<img src="https://static.gongbushang.com/images/1023-076.png" />,<img src="https://static.gongbushang.com/images/1023-078.png" />
<img src="https://static.gongbushang.com/images/1023-080.png" />,<img src="https://static.gongbushang.com/images/1023-082.png" />
<img src="https://static.gongbushang.com/images/1023-084.png" />,<img src="https://static.gongbushang.com/images/1023-086.png" />
<img src="https://static.gongbushang.com/images/1023-090.png" />,<img src="https://static.gongbushang.com/images/1023-092.png" />
<img src="https://static.gongbushang.com/images/1023-094.png" />,<img src="https://static.gongbushang.com/images/1023-096.png" />
<img src="https://static.gongbushang.com/images/1023-098.png" />,<img src="https://static.gongbushang.com/images/1023-100.png" />
<img src="https://static.gongbushang.com/images/1023-102.png" />,<img src="https://static.gongbushang.com/images/1023-104.png" />
<img src="https://static.gongbushang.com/images/1023-106.png" />,<img src="https://static.gongbushang.com/images/1023-108.png" />
<img src="https://static.gongbushang.com/images/1023-110.png" />,<img src="https://static.gongbushang.com/images/1023-112.png" />
<img src="https://static.gongbushang.com/images/1023-114.png" />,<img src="https://static.gongbushang.com/images/1023-116.png" />
<img src="https://static.gongbushang.com/images/1023-118.png" />,<img src="https://static.gongbushang.com/images/1023-120.png" />
<img src="https://static.gongbushang.com/images/1023-122.png" />,<img src="https://static.gongbushang.com/images/1023-124.png" />
<img src="https://static.gongbushang.com/images/1023-126.png" />,<img src="https://static.gongbushang.com/images/1023-128.png" />
<img src="https://static.gongbushang.com/images/1023-130.png" />,<img src="https://static.gongbushang.com/images/1023-132.png" />
<img src="https://static.gongbushang.com/images/1023-134.png" />,<img src="https://static.gongbushang.com/images/1023-136.png" />
<img src="https://static.gongbushang.com/images/1023-138.png" />,<img src="https://static.gongbushang.com/images/1023-140.png" />
<img src="https://static.gongbushang.com/images/1023-142.png" />,<img src="https://static.gongbushang.com/images/1023-144.png" />
<img src="https://static.gongbushang.com/images/1023-146.png" />,<img src="https://static.gongbushang.com/images/1023-148.png" />
<img src="https://static.gongbushang.com/images/1023-150.png" />,<img src="https://static.gongbushang.com/images/1023-152.png" />
<img src="https://static.gongbushang.com/images/1023-154.png" />,<img src="https://static.gongbushang.com/images/1023-156.png" />
<img src="https://static.gongbushang.com/images/1023-158.png" />,<img src="https://static.gongbushang.com/images/1023-160.png" />
<img src="https://static.gongbushang.com/images/1023-162.png" />,<img src="https://static.gongbushang.com/images/1023-164.png" />
<img src="https://static.gongbushang.com/images/1023-166.png" />,<img src="https://static.gongbushang.com/images/1023-168.png" />
<img src="https://static.gongbushang.com/images/1023-170.png" />,<img src="https://static.gongbushang.com/images/1023-172.png" />
<img src="https://static.gongbushang.com/images/1023-174.png" />,<img src="https://static.gongbushang.com/images/1023-176.png" />
<img src="https://static.gongbushang.com/images/1023-178.png" />,<img src="https://static.gongbushang.com/images/1023-180.png" />
<img src="https://static.gongbushang.com/images/1023-182.png" />,<img src="https://static.gongbushang.com/images/1023-184.png" />
<img src="https://static.gongbushang.com/images/1023-186.png" />,<img src="https://static.gongbushang.com/images/1023-188.png" />