<img src="https://static.gongbushang.com/images/10271-001.jpeg" />,<img src="https://static.gongbushang.com/images/10271-002.png" />
<img src="https://static.gongbushang.com/images/10271-003.jpeg" />,<img src="https://static.gongbushang.com/images/10271-004.png" />
<img src="https://static.gongbushang.com/images/10271-005.jpeg" />,<img src="https://static.gongbushang.com/images/10271-006.png" />
<img src="https://static.gongbushang.com/images/10271-007.jpeg" />,<img src="https://static.gongbushang.com/images/10271-008.png" />
<img src="https://static.gongbushang.com/images/10271-009.jpeg" />,<img src="https://static.gongbushang.com/images/10271-010.png" />
<img src="https://static.gongbushang.com/images/10271-011.jpeg" />,<img src="https://static.gongbushang.com/images/10271-012.png" />
<img src="https://static.gongbushang.com/images/10271-013.jpeg" />,<img src="https://static.gongbushang.com/images/10271-014.png" />
<img src="https://static.gongbushang.com/images/10271-015.jpeg" />,<img src="https://static.gongbushang.com/images/10271-016.png" />
<img src="https://static.gongbushang.com/images/10271-017.jpeg" />,<img src="https://static.gongbushang.com/images/10271-018.png" />
<img src="https://static.gongbushang.com/images/10271-019.jpeg" />,<img src="https://static.gongbushang.com/images/10271-020.png" />
<img src="https://static.gongbushang.com/images/10271-021.jpeg" />,<img src="https://static.gongbushang.com/images/10271-022.png" />
<img src="https://static.gongbushang.com/images/10271-023.jpeg" />,<img src="https://static.gongbushang.com/images/10271-024.png" />
<img src="https://static.gongbushang.com/images/10271-025.jpeg" />,<img src="https://static.gongbushang.com/images/10271-026.png" />
<img src="https://static.gongbushang.com/images/10271-027.jpeg" />,<img src="https://static.gongbushang.com/images/10271-028.png" />
<img src="https://static.gongbushang.com/images/10271-029.jpeg" />,<img src="https://static.gongbushang.com/images/10271-030.png" />
<img src="https://static.gongbushang.com/images/10271-031.jpeg" />,<img src="https://static.gongbushang.com/images/10271-032.png" />
<img src="https://static.gongbushang.com/images/10271-033.jpeg" />,<img src="https://static.gongbushang.com/images/10271-034.png" />
<img src="https://static.gongbushang.com/images/10271-035.jpeg" />,<img src="https://static.gongbushang.com/images/10271-036.png" />
<img src="https://static.gongbushang.com/images/10271-037.jpeg" />,<img src="https://static.gongbushang.com/images/10271-038.png" />
<img src="https://static.gongbushang.com/images/10271-039.jpeg" />,<img src="https://static.gongbushang.com/images/10271-040.png" />
<img src="https://static.gongbushang.com/images/10271-041.jpeg" />,<img src="https://static.gongbushang.com/images/10271-042.png" />
<img src="https://static.gongbushang.com/images/10271-043.jpeg" />,<img src="https://static.gongbushang.com/images/10271-044.png" />
<img src="https://static.gongbushang.com/images/10271-045.jpeg" />,<img src="https://static.gongbushang.com/images/10271-046.png" />
<img src="https://static.gongbushang.com/images/10271-047.jpeg" />,<img src="https://static.gongbushang.com/images/10271-048.png" />
<img src="https://static.gongbushang.com/images/1028-001.jpeg" />,<img src="https://static.gongbushang.com/images/1028-002.png" />
<img src="https://static.gongbushang.com/images/1028-003.jpeg" />,<img src="https://static.gongbushang.com/images/1028-004.png" />
<img src="https://static.gongbushang.com/images/1028-005.jpeg" />,<img src="https://static.gongbushang.com/images/1028-006.png" />
<img src="https://static.gongbushang.com/images/1028-007.jpeg" />,<img src="https://static.gongbushang.com/images/1028-008.png" />
<img src="https://static.gongbushang.com/images/1028-009.jpeg" />,<img src="https://static.gongbushang.com/images/1028-010.png" />
<img src="https://static.gongbushang.com/images/1028-011.jpeg" />,<img src="https://static.gongbushang.com/images/1028-012.png" />
<img src="https://static.gongbushang.com/images/1028-013.jpeg" />,<img src="https://static.gongbushang.com/images/1028-014.png" />
<img src="https://static.gongbushang.com/images/1028-015.jpeg" />,<img src="https://static.gongbushang.com/images/1028-016.png" />
<img src="https://static.gongbushang.com/images/1028-017.jpeg" />,<img src="https://static.gongbushang.com/images/1028-018.png" />
<img src="https://static.gongbushang.com/images/1028-019.png" />,<img src="https://static.gongbushang.com/images/1028-020.jpeg" />
<img src="https://static.gongbushang.com/images/1028-021.png" />,<img src="https://static.gongbushang.com/images/1028-022.jpeg" />
<img src="https://static.gongbushang.com/images/1028-023.png" />,<img src="https://static.gongbushang.com/images/1028-024.jpeg" />
<img src="https://static.gongbushang.com/images/1028-025.png" />,<img src="https://static.gongbushang.com/images/1028-026.jpeg" />
<img src="https://static.gongbushang.com/images/1028-027.png" />,<img src="https://static.gongbushang.com/images/1028-028.jpeg" />